{
  "data": [
    {
      "id": 1,
      "label": "Camera",
      "status" : 0,
      "children": [
        {
          "id": 2,
          "label": "Camera_1",
          "billboard": "BROWN_TAG",
          "x" : 121.59980818549684,
          "y" : 25.056406980100977,
          "z" : 10.473093238614744,
          "s": 0.07,
          "status" : 0 
        },
        {
          "id": 3,
          "label": "Camera_2",
          "billboard": "BROWN_TAG",
          "x" : 121.59940099448819,
          "y" : 25.056092166827877,
          "z" : 10.474564767789746,
          "s": 0.07,
          "status" : 0 
        },
        {
          "id": 4,
          "label": "Camera_3",
          "billboard": "BROWN_TAG",
          "x" : 121.60011639099079,
          "y" : 25.056116900905515,
          "z" : 10.476398121634782,
          "s": 0.07,
          "status" : 0 
        }
      ]
    }
  ]
}
