{
  "data": [
    {
      "id": 1,
      "label": "Device",
      "children": [
        {
          "id": 2,
          "label": "Device_1",
          "billboard": "BLUE_TAG",
          "x": 121.59992989626984,
          "y": 25.05635677623751,
          "z": 0,
          "s": 0.03
        },
        {
          "id": 3,
          "label": "Device_2",
          "billboard": "BLUE_TAG",
          "x": 121.6000267152911,
          "y": 25.056151101481408,
          "z": 0,
          "s": 0.03
        },
        {
          "id": 3,
          "label": "Device_3",
          "billboard": "BLUE_TAG",
          "x": 121.59933589368198,
          "y": 25.05602856778117,
          "z": 0,
          "s": 0.03
        }
      ]
    }
  ]
}
